{"DefaultTint":{"r":0.6000000238418579,"g":0.6000000238418579,"b":0.699999988079071,"a":0.699999988079071},"FoldersData":{"Keys":["d9e7bb1f27adf3f4e8f92b2baab1633a","a8559f4705974824c94811ce265494bc","62a3829406dec454ba8bfe70e3e1f39a"],"Values":[{"_guid":"d9e7bb1f27adf3f4e8f92b2baab1633a","_color":{"r":0.1368369460105896,"g":0.5000160932540894,"b":0.7075471878051758,"a":0.699999988079071},"_recursive":true},{"_guid":"a8559f4705974824c94811ce265494bc","_color":{"r":0.800000011920929,"g":0.24000000953674317,"b":0.5083057284355164,"a":0.699999988079071},"_recursive":true},{"_guid":"62a3829406dec454ba8bfe70e3e1f39a","_color":{"r":0.24000000953674317,"g":0.800000011920929,"b":0.5892082452774048,"a":0.699999988079071},"_recursive":true}]}}